<?xml version="1.0" encoding="UTF-8"?>
<project-private xmlns="http://www.netbeans.org/ns/project-private/1">
    <editor-bookmarks xmlns="http://www.netbeans.org/ns/editor-bookmarks/2" lastBookmarkId="0"/>
    <open-files xmlns="http://www.netbeans.org/ns/projectui-open-files/2">
        <group>
            <file>file:/C:/Users/just/Documents/NetBeansProjects/Tour%20Around/src/customer/Customer.java</file>
            <file>file:/C:/Users/just/Documents/NetBeansProjects/Tour%20Around/src/Payment/payment.java</file>
            <file>file:/C:/Users/just/Documents/NetBeansProjects/Tour%20Around/src/customer/manage_customer.java</file>
            <file>file:/C:/Users/just/Documents/NetBeansProjects/Tour%20Around/src/hotel_booking/Hotel_Booking.java</file>
        </group>
    </open-files>
</project-private>
